kemendagri_kode_provinsi;kemendagri_nama_provinsi;kemendagri_kode_kabupaten_kota;kemendagri_nama_kabupaten_kota;tahun;status_idm;jumlah;satuan;
11;Aceh;11.05;Kabupaten Aceh Barat;2025;Berkembang;188;Desa;
11;Aceh;11.05;Kabupaten Aceh Barat;2025;Maju;58;Desa;
11;Aceh;11.05;Kabupaten Aceh Barat;2025;Mandiri;27;Desa;
11;Aceh;11.05;Kabupaten Aceh Barat;2025;Sangat Tertinggal;2;Desa;
11;Aceh;11.05;Kabupaten Aceh Barat;2025;Tertinggal;46;Desa;
11;Aceh;11.12;Kabupaten Aceh Barat Daya;2025;Berkembang;86;Desa;
11;Aceh;11.12;Kabupaten Aceh Barat Daya;2025;Maju;48;Desa;
11;Aceh;11.12;Kabupaten Aceh Barat Daya;2025;Mandiri;9;Desa;
11;Aceh;11.12;Kabupaten Aceh Barat Daya;2025;Sangat Tertinggal;0;Desa;
11;Aceh;11.12;Kabupaten Aceh Barat Daya;2025;Tertinggal;9;Desa;
11;Aceh;11.06;Kabupaten Aceh Besar;2025;Berkembang;291;Desa;
11;Aceh;11.06;Kabupaten Aceh Besar;2025;Maju;235;Desa;
11;Aceh;11.06;Kabupaten Aceh Besar;2025;Mandiri;71;Desa;
11;Aceh;11.06;Kabupaten Aceh Besar;2025;Sangat Tertinggal;0;Desa;
11;Aceh;11.06;Kabupaten Aceh Besar;2025;Tertinggal;6;Desa;
11;Aceh;11.14;Kabupaten Aceh Jaya;2025;Berkembang;115;Desa;
11;Aceh;11.14;Kabupaten Aceh Jaya;2025;Maju;26;Desa;
11;Aceh;11.14;Kabupaten Aceh Jaya;2025;Mandiri;12;Desa;
11;Aceh;11.14;Kabupaten Aceh Jaya;2025;Sangat Tertinggal;0;Desa;
11;Aceh;11.14;Kabupaten Aceh Jaya;2025;Tertinggal;19;Desa;
11;Aceh;11.01;Kabupaten Aceh Selatan;2025;Berkembang;160;Desa;
11;Aceh;11.01;Kabupaten Aceh Selatan;2025;Maju;34;Desa;
11;Aceh;11.01;Kabupaten Aceh Selatan;2025;Mandiri;13;Desa;
11;Aceh;11.01;Kabupaten Aceh Selatan;2025;Sangat Tertinggal;8;Desa;
11;Aceh;11.01;Kabupaten Aceh Selatan;2025;Tertinggal;45;Desa;
11;Aceh;11.10;Kabupaten Aceh Singkil;2025;Berkembang;43;Desa;
11;Aceh;11.10;Kabupaten Aceh Singkil;2025;Maju;37;Desa;
11;Aceh;11.10;Kabupaten Aceh Singkil;2025;Mandiri;13;Desa;
11;Aceh;11.10;Kabupaten Aceh Singkil;2025;Sangat Tertinggal;5;Desa;
11;Aceh;11.10;Kabupaten Aceh Singkil;2025;Tertinggal;18;Desa;
11;Aceh;11.16;Kabupaten Aceh Tamiang;2025;Berkembang;80;Desa;
11;Aceh;11.16;Kabupaten Aceh Tamiang;2025;Maju;74;Desa;
11;Aceh;11.16;Kabupaten Aceh Tamiang;2025;Mandiri;40;Desa;
11;Aceh;11.16;Kabupaten Aceh Tamiang;2025;Sangat Tertinggal;0;Desa;
11;Aceh;11.16;Kabupaten Aceh Tamiang;2025;Tertinggal;21;Desa;
11;Aceh;11.04;Kabupaten Aceh Tengah;2025;Berkembang;131;Desa;
11;Aceh;11.04;Kabupaten Aceh Tengah;2025;Maju;76;Desa;
11;Aceh;11.04;Kabupaten Aceh Tengah;2025;Mandiri;82;Desa;
11;Aceh;11.04;Kabupaten Aceh Tengah;2025;Sangat Tertinggal;0;Desa;
11;Aceh;11.04;Kabupaten Aceh Tengah;2025;Tertinggal;6;Desa;
11;Aceh;11.02;Kabupaten Aceh Tenggara;2025;Berkembang;157;Desa;
11;Aceh;11.02;Kabupaten Aceh Tenggara;2025;Maju;209;Desa;
11;Aceh;11.02;Kabupaten Aceh Tenggara;2025;Mandiri;12;Desa;
11;Aceh;11.02;Kabupaten Aceh Tenggara;2025;Sangat Tertinggal;0;Desa;
11;Aceh;11.02;Kabupaten Aceh Tenggara;2025;Tertinggal;7;Desa;
11;Aceh;11.03;Kabupaten Aceh Timur;2025;Berkembang;236;Desa;
11;Aceh;11.03;Kabupaten Aceh Timur;2025;Maju;209;Desa;
11;Aceh;11.03;Kabupaten Aceh Timur;2025;Mandiri;44;Desa;
11;Aceh;11.03;Kabupaten Aceh Timur;2025;Sangat Tertinggal;1;Desa;
11;Aceh;11.03;Kabupaten Aceh Timur;2025;Tertinggal;23;Desa;
11;Aceh;11.08;Kabupaten Aceh Utara;2025;Berkembang;557;Desa;
11;Aceh;11.08;Kabupaten Aceh Utara;2025;Maju;168;Desa;
11;Aceh;11.08;Kabupaten Aceh Utara;2025;Mandiri;17;Desa;
11;Aceh;11.08;Kabupaten Aceh Utara;2025;Sangat Tertinggal;6;Desa;
11;Aceh;11.08;Kabupaten Aceh Utara;2025;Tertinggal;104;Desa;
11;Aceh;11.17;Kabupaten Bener Meriah;2025;Berkembang;89;Desa;
11;Aceh;11.17;Kabupaten Bener Meriah;2025;Maju;68;Desa;
11;Aceh;11.17;Kabupaten Bener Meriah;2025;Mandiri;56;Desa;
11;Aceh;11.17;Kabupaten Bener Meriah;2025;Sangat Tertinggal;1;Desa;
11;Aceh;11.17;Kabupaten Bener Meriah;2025;Tertinggal;18;Desa;
11;Aceh;11.11;Kabupaten Bireuen;2025;Berkembang;354;Desa;
11;Aceh;11.11;Kabupaten Bireuen;2025;Maju;168;Desa;
11;Aceh;11.11;Kabupaten Bireuen;2025;Mandiri;24;Desa;
11;Aceh;11.11;Kabupaten Bireuen;2025;Sangat Tertinggal;6;Desa;
11;Aceh;11.11;Kabupaten Bireuen;2025;Tertinggal;57;Desa;
11;Aceh;11.13;Kabupaten Gayo Lues;2025;Berkembang;69;Desa;
11;Aceh;11.13;Kabupaten Gayo Lues;2025;Maju;46;Desa;
11;Aceh;11.13;Kabupaten Gayo Lues;2025;Mandiri;6;Desa;
11;Aceh;11.13;Kabupaten Gayo Lues;2025;Sangat Tertinggal;0;Desa;
11;Aceh;11.13;Kabupaten Gayo Lues;2025;Tertinggal;15;Desa;
11;Aceh;11.71;Kota Banda Aceh;2025;Berkembang;1;Desa;
11;Aceh;11.71;Kota Banda Aceh;2025;Maju;6;Desa;
11;Aceh;11.71;Kota Banda Aceh;2025;Mandiri;83;Desa;
11;Aceh;11.71;Kota Banda Aceh;2025;Sangat Tertinggal;0;Desa;
11;Aceh;11.71;Kota Banda Aceh;2025;Tertinggal;0;Desa;
11;Aceh;11.74;Kota Langsa;2025;Berkembang;19;Desa;
11;Aceh;11.74;Kota Langsa;2025;Maju;29;Desa;
11;Aceh;11.74;Kota Langsa;2025;Mandiri;17;Desa;
11;Aceh;11.74;Kota Langsa;2025;Sangat Tertinggal;0;Desa;
11;Aceh;11.74;Kota Langsa;2025;Tertinggal;1;Desa;
11;Aceh;11.73;Kota Lhokseumawe;2025;Berkembang;8;Desa;
11;Aceh;11.73;Kota Lhokseumawe;2025;Maju;31;Desa;
11;Aceh;11.73;Kota Lhokseumawe;2025;Mandiri;29;Desa;
11;Aceh;11.73;Kota Lhokseumawe;2025;Sangat Tertinggal;0;Desa;
11;Aceh;11.73;Kota Lhokseumawe;2025;Tertinggal;0;Desa;
11;Aceh;11.72;Kota Sabang;2025;Berkembang;0;Desa;
11;Aceh;11.72;Kota Sabang;2025;Maju;8;Desa;
11;Aceh;11.72;Kota Sabang;2025;Mandiri;10;Desa;
11;Aceh;11.72;Kota Sabang;2025;Sangat Tertinggal;0;Desa;
11;Aceh;11.72;Kota Sabang;2025;Tertinggal;0;Desa;
11;Aceh;11.75;Kota Subulussalam;2025;Berkembang;21;Desa;
11;Aceh;11.75;Kota Subulussalam;2025;Maju;29;Desa;
11;Aceh;11.75;Kota Subulussalam;2025;Mandiri;25;Desa;
11;Aceh;11.75;Kota Subulussalam;2025;Sangat Tertinggal;1;Desa;
11;Aceh;11.75;Kota Subulussalam;2025;Tertinggal;6;Desa;
11;Aceh;11.15;Kabupaten Nagan Raya;2025;Berkembang;107;Desa;
11;Aceh;11.15;Kabupaten Nagan Raya;2025;Maju;79;Desa;
11;Aceh;11.15;Kabupaten Nagan Raya;2025;Mandiri;23;Desa;
11;Aceh;11.15;Kabupaten Nagan Raya;2025;Sangat Tertinggal;0;Desa;
11;Aceh;11.15;Kabupaten Nagan Raya;2025;Tertinggal;13;Desa;
11;Aceh;11.07;Kabupaten Pidie;2025;Berkembang;513;Desa;
11;Aceh;11.07;Kabupaten Pidie;2025;Maju;178;Desa;
11;Aceh;11.07;Kabupaten Pidie;2025;Mandiri;18;Desa;
11;Aceh;11.07;Kabupaten Pidie;2025;Sangat Tertinggal;2;Desa;
11;Aceh;11.07;Kabupaten Pidie;2025;Tertinggal;19;Desa;
11;Aceh;11.18;Kabupaten Pidie Jaya;2025;Berkembang;86;Desa;
11;Aceh;11.18;Kabupaten Pidie Jaya;2025;Maju;113;Desa;
11;Aceh;11.18;Kabupaten Pidie Jaya;2025;Mandiri;19;Desa;
11;Aceh;11.18;Kabupaten Pidie Jaya;2025;Sangat Tertinggal;1;Desa;
11;Aceh;11.18;Kabupaten Pidie Jaya;2025;Tertinggal;3;Desa;
11;Aceh;11.09;Kabupaten Simeulue;2025;Berkembang;102;Desa;
11;Aceh;11.09;Kabupaten Simeulue;2025;Maju;21;Desa;
11;Aceh;11.09;Kabupaten Simeulue;2025;Mandiri;5;Desa;
11;Aceh;11.09;Kabupaten Simeulue;2025;Sangat Tertinggal;0;Desa;
11;Aceh;11.09;Kabupaten Simeulue;2025;Tertinggal;10;Desa;
11;Aceh;11.05;Kabupaten Aceh Barat;2024;Berkembang;188;Desa;
11;Aceh;11.05;Kabupaten Aceh Barat;2024;Maju;57;Desa;
11;Aceh;11.05;Kabupaten Aceh Barat;2024;Mandiri;21;Desa;
11;Aceh;11.05;Kabupaten Aceh Barat;2024;Sangat Tertinggal;1;Desa;
11;Aceh;11.05;Kabupaten Aceh Barat;2024;Tertinggal;54;Desa;
11;Aceh;11.12;Kabupaten Aceh Barat Daya;2024;Berkembang;112;Desa;
11;Aceh;11.12;Kabupaten Aceh Barat Daya;2024;Maju;30;Desa;
11;Aceh;11.12;Kabupaten Aceh Barat Daya;2024;Mandiri;7;Desa;
11;Aceh;11.12;Kabupaten Aceh Barat Daya;2024;Sangat Tertinggal;0;Desa;
11;Aceh;11.12;Kabupaten Aceh Barat Daya;2024;Tertinggal;3;Desa;
11;Aceh;11.06;Kabupaten Aceh Besar;2024;Berkembang;354;Desa;
11;Aceh;11.06;Kabupaten Aceh Besar;2024;Maju;196;Desa;
11;Aceh;11.06;Kabupaten Aceh Besar;2024;Mandiri;44;Desa;
11;Aceh;11.06;Kabupaten Aceh Besar;2024;Sangat Tertinggal;0;Desa;
11;Aceh;11.06;Kabupaten Aceh Besar;2024;Tertinggal;9;Desa;
11;Aceh;11.14;Kabupaten Aceh Jaya;2024;Berkembang;116;Desa;
11;Aceh;11.14;Kabupaten Aceh Jaya;2024;Maju;30;Desa;
11;Aceh;11.14;Kabupaten Aceh Jaya;2024;Mandiri;12;Desa;
11;Aceh;11.14;Kabupaten Aceh Jaya;2024;Sangat Tertinggal;2;Desa;
11;Aceh;11.14;Kabupaten Aceh Jaya;2024;Tertinggal;12;Desa;
11;Aceh;11.01;Kabupaten Aceh Selatan;2024;Berkembang;159;Desa;
11;Aceh;11.01;Kabupaten Aceh Selatan;2024;Maju;37;Desa;
11;Aceh;11.01;Kabupaten Aceh Selatan;2024;Mandiri;13;Desa;
11;Aceh;11.01;Kabupaten Aceh Selatan;2024;Sangat Tertinggal;2;Desa;
11;Aceh;11.01;Kabupaten Aceh Selatan;2024;Tertinggal;49;Desa;
11;Aceh;11.10;Kabupaten Aceh Singkil;2024;Berkembang;40;Desa;
11;Aceh;11.10;Kabupaten Aceh Singkil;2024;Maju;30;Desa;
11;Aceh;11.10;Kabupaten Aceh Singkil;2024;Mandiri;15;Desa;
11;Aceh;11.10;Kabupaten Aceh Singkil;2024;Sangat Tertinggal;5;Desa;
11;Aceh;11.10;Kabupaten Aceh Singkil;2024;Tertinggal;26;Desa;
11;Aceh;11.16;Kabupaten Aceh Tamiang;2024;Berkembang;90;Desa;
11;Aceh;11.16;Kabupaten Aceh Tamiang;2024;Maju;70;Desa;
11;Aceh;11.16;Kabupaten Aceh Tamiang;2024;Mandiri;39;Desa;
11;Aceh;11.16;Kabupaten Aceh Tamiang;2024;Sangat Tertinggal;0;Desa;
11;Aceh;11.16;Kabupaten Aceh Tamiang;2024;Tertinggal;16;Desa;
11;Aceh;11.04;Kabupaten Aceh Tengah;2024;Berkembang;148;Desa;
11;Aceh;11.04;Kabupaten Aceh Tengah;2024;Maju;71;Desa;
11;Aceh;11.04;Kabupaten Aceh Tengah;2024;Mandiri;50;Desa;
11;Aceh;11.04;Kabupaten Aceh Tengah;2024;Sangat Tertinggal;0;Desa;
11;Aceh;11.04;Kabupaten Aceh Tengah;2024;Tertinggal;26;Desa;
11;Aceh;11.02;Kabupaten Aceh Tenggara;2024;Berkembang;216;Desa;
11;Aceh;11.02;Kabupaten Aceh Tenggara;2024;Maju;148;Desa;
11;Aceh;11.02;Kabupaten Aceh Tenggara;2024;Mandiri;5;Desa;
11;Aceh;11.02;Kabupaten Aceh Tenggara;2024;Sangat Tertinggal;3;Desa;
11;Aceh;11.02;Kabupaten Aceh Tenggara;2024;Tertinggal;13;Desa;
11;Aceh;11.03;Kabupaten Aceh Timur;2024;Berkembang;278;Desa;
11;Aceh;11.03;Kabupaten Aceh Timur;2024;Maju;177;Desa;
11;Aceh;11.03;Kabupaten Aceh Timur;2024;Mandiri;27;Desa;
11;Aceh;11.03;Kabupaten Aceh Timur;2024;Sangat Tertinggal;2;Desa;
11;Aceh;11.03;Kabupaten Aceh Timur;2024;Tertinggal;29;Desa;
11;Aceh;11.08;Kabupaten Aceh Utara;2024;Berkembang;542;Desa;
11;Aceh;11.08;Kabupaten Aceh Utara;2024;Maju;99;Desa;
11;Aceh;11.08;Kabupaten Aceh Utara;2024;Mandiri;8;Desa;
11;Aceh;11.08;Kabupaten Aceh Utara;2024;Sangat Tertinggal;14;Desa;
11;Aceh;11.08;Kabupaten Aceh Utara;2024;Tertinggal;189;Desa;
11;Aceh;11.17;Kabupaten Bener Meriah;2024;Berkembang;97;Desa;
11;Aceh;11.17;Kabupaten Bener Meriah;2024;Maju;62;Desa;
11;Aceh;11.17;Kabupaten Bener Meriah;2024;Mandiri;48;Desa;
11;Aceh;11.17;Kabupaten Bener Meriah;2024;Sangat Tertinggal;1;Desa;
11;Aceh;11.17;Kabupaten Bener Meriah;2024;Tertinggal;24;Desa;
11;Aceh;11.11;Kabupaten Bireuen;2024;Berkembang;399;Desa;
11;Aceh;11.11;Kabupaten Bireuen;2024;Maju;139;Desa;
11;Aceh;11.11;Kabupaten Bireuen;2024;Mandiri;21;Desa;
11;Aceh;11.11;Kabupaten Bireuen;2024;Sangat Tertinggal;0;Desa;
11;Aceh;11.11;Kabupaten Bireuen;2024;Tertinggal;50;Desa;
11;Aceh;11.13;Kabupaten Gayo Lues;2024;Berkembang;80;Desa;
11;Aceh;11.13;Kabupaten Gayo Lues;2024;Maju;33;Desa;
11;Aceh;11.13;Kabupaten Gayo Lues;2024;Mandiri;5;Desa;
11;Aceh;11.13;Kabupaten Gayo Lues;2024;Sangat Tertinggal;0;Desa;
11;Aceh;11.13;Kabupaten Gayo Lues;2024;Tertinggal;18;Desa;
11;Aceh;11.71;Kota Banda Aceh;2024;Berkembang;0;Desa;
11;Aceh;11.71;Kota Banda Aceh;2024;Maju;6;Desa;
11;Aceh;11.71;Kota Banda Aceh;2024;Mandiri;84;Desa;
11;Aceh;11.71;Kota Banda Aceh;2024;Sangat Tertinggal;0;Desa;
11;Aceh;11.71;Kota Banda Aceh;2024;Tertinggal;0;Desa;
11;Aceh;11.74;Kota Langsa;2024;Berkembang;26;Desa;
11;Aceh;11.74;Kota Langsa;2024;Maju;25;Desa;
11;Aceh;11.74;Kota Langsa;2024;Mandiri;14;Desa;
11;Aceh;11.74;Kota Langsa;2024;Sangat Tertinggal;0;Desa;
11;Aceh;11.74;Kota Langsa;2024;Tertinggal;1;Desa;
11;Aceh;11.73;Kota Lhokseumawe;2024;Berkembang;14;Desa;
11;Aceh;11.73;Kota Lhokseumawe;2024;Maju;29;Desa;
11;Aceh;11.73;Kota Lhokseumawe;2024;Mandiri;25;Desa;
11;Aceh;11.73;Kota Lhokseumawe;2024;Sangat Tertinggal;0;Desa;
11;Aceh;11.73;Kota Lhokseumawe;2024;Tertinggal;0;Desa;
11;Aceh;11.72;Kota Sabang;2024;Berkembang;0;Desa;
11;Aceh;11.72;Kota Sabang;2024;Maju;9;Desa;
11;Aceh;11.72;Kota Sabang;2024;Mandiri;9;Desa;
11;Aceh;11.72;Kota Sabang;2024;Sangat Tertinggal;0;Desa;
11;Aceh;11.72;Kota Sabang;2024;Tertinggal;0;Desa;
11;Aceh;11.75;Kota Subulussalam;2024;Berkembang;28;Desa;
11;Aceh;11.75;Kota Subulussalam;2024;Maju;24;Desa;
11;Aceh;11.75;Kota Subulussalam;2024;Mandiri;23;Desa;
11;Aceh;11.75;Kota Subulussalam;2024;Sangat Tertinggal;1;Desa;
11;Aceh;11.75;Kota Subulussalam;2024;Tertinggal;6;Desa;
11;Aceh;11.15;Kabupaten Nagan Raya;2024;Berkembang;119;Desa;
11;Aceh;11.15;Kabupaten Nagan Raya;2024;Maju;66;Desa;
11;Aceh;11.15;Kabupaten Nagan Raya;2024;Mandiri;17;Desa;
11;Aceh;11.15;Kabupaten Nagan Raya;2024;Sangat Tertinggal;0;Desa;
11;Aceh;11.15;Kabupaten Nagan Raya;2024;Tertinggal;20;Desa;
11;Aceh;11.07;Kabupaten Pidie;2024;Berkembang;581;Desa;
11;Aceh;11.07;Kabupaten Pidie;2024;Maju;114;Desa;
11;Aceh;11.07;Kabupaten Pidie;2024;Mandiri;14;Desa;
11;Aceh;11.07;Kabupaten Pidie;2024;Sangat Tertinggal;0;Desa;
11;Aceh;11.07;Kabupaten Pidie;2024;Tertinggal;21;Desa;
11;Aceh;11.18;Kabupaten Pidie Jaya;2024;Berkembang;109;Desa;
11;Aceh;11.18;Kabupaten Pidie Jaya;2024;Maju;93;Desa;
11;Aceh;11.18;Kabupaten Pidie Jaya;2024;Mandiri;14;Desa;
11;Aceh;11.18;Kabupaten Pidie Jaya;2024;Sangat Tertinggal;2;Desa;
11;Aceh;11.18;Kabupaten Pidie Jaya;2024;Tertinggal;4;Desa;
11;Aceh;11.09;Kabupaten Simeulue;2024;Berkembang;90;Desa;
11;Aceh;11.09;Kabupaten Simeulue;2024;Maju;18;Desa;
11;Aceh;11.09;Kabupaten Simeulue;2024;Mandiri;4;Desa;
11;Aceh;11.09;Kabupaten Simeulue;2024;Sangat Tertinggal;0;Desa;
11;Aceh;11.09;Kabupaten Simeulue;2024;Tertinggal;26;Desa;
11;Aceh;11.05;Kabupaten Aceh Barat;2023;Berkembang;186;Desa;
11;Aceh;11.05;Kabupaten Aceh Barat;2023;Maju;48;Desa;
11;Aceh;11.05;Kabupaten Aceh Barat;2023;Mandiri;19;Desa;
11;Aceh;11.05;Kabupaten Aceh Barat;2023;Sangat Tertinggal;2;Desa;
11;Aceh;11.05;Kabupaten Aceh Barat;2023;Tertinggal;67;Desa;
11;Aceh;11.12;Kabupaten Aceh Barat Daya;2023;Berkembang;115;Desa;
11;Aceh;11.12;Kabupaten Aceh Barat Daya;2023;Maju;28;Desa;
11;Aceh;11.12;Kabupaten Aceh Barat Daya;2023;Mandiri;5;Desa;
11;Aceh;11.12;Kabupaten Aceh Barat Daya;2023;Sangat Tertinggal;0;Desa;
11;Aceh;11.12;Kabupaten Aceh Barat Daya;2023;Tertinggal;4;Desa;
11;Aceh;11.06;Kabupaten Aceh Besar;2023;Berkembang;395;Desa;
11;Aceh;11.06;Kabupaten Aceh Besar;2023;Maju;164;Desa;
11;Aceh;11.06;Kabupaten Aceh Besar;2023;Mandiri;29;Desa;
11;Aceh;11.06;Kabupaten Aceh Besar;2023;Sangat Tertinggal;0;Desa;
11;Aceh;11.06;Kabupaten Aceh Besar;2023;Tertinggal;16;Desa;
11;Aceh;11.14;Kabupaten Aceh Jaya;2023;Berkembang;109;Desa;
11;Aceh;11.14;Kabupaten Aceh Jaya;2023;Maju;28;Desa;
11;Aceh;11.14;Kabupaten Aceh Jaya;2023;Mandiri;12;Desa;
11;Aceh;11.14;Kabupaten Aceh Jaya;2023;Sangat Tertinggal;2;Desa;
11;Aceh;11.14;Kabupaten Aceh Jaya;2023;Tertinggal;21;Desa;
11;Aceh;11.01;Kabupaten Aceh Selatan;2023;Berkembang;161;Desa;
11;Aceh;11.01;Kabupaten Aceh Selatan;2023;Maju;39;Desa;
11;Aceh;11.01;Kabupaten Aceh Selatan;2023;Mandiri;8;Desa;
11;Aceh;11.01;Kabupaten Aceh Selatan;2023;Sangat Tertinggal;9;Desa;
11;Aceh;11.01;Kabupaten Aceh Selatan;2023;Tertinggal;43;Desa;
11;Aceh;11.10;Kabupaten Aceh Singkil;2023;Berkembang;36;Desa;
11;Aceh;11.10;Kabupaten Aceh Singkil;2023;Maju;29;Desa;
11;Aceh;11.10;Kabupaten Aceh Singkil;2023;Mandiri;14;Desa;
11;Aceh;11.10;Kabupaten Aceh Singkil;2023;Sangat Tertinggal;9;Desa;
11;Aceh;11.10;Kabupaten Aceh Singkil;2023;Tertinggal;28;Desa;
11;Aceh;11.16;Kabupaten Aceh Tamiang;2023;Berkembang;98;Desa;
11;Aceh;11.16;Kabupaten Aceh Tamiang;2023;Maju;66;Desa;
11;Aceh;11.16;Kabupaten Aceh Tamiang;2023;Mandiri;31;Desa;
11;Aceh;11.16;Kabupaten Aceh Tamiang;2023;Sangat Tertinggal;0;Desa;
11;Aceh;11.16;Kabupaten Aceh Tamiang;2023;Tertinggal;21;Desa;
11;Aceh;11.04;Kabupaten Aceh Tengah;2023;Berkembang;168;Desa;
11;Aceh;11.04;Kabupaten Aceh Tengah;2023;Maju;52;Desa;
11;Aceh;11.04;Kabupaten Aceh Tengah;2023;Mandiri;40;Desa;
11;Aceh;11.04;Kabupaten Aceh Tengah;2023;Sangat Tertinggal;0;Desa;
11;Aceh;11.04;Kabupaten Aceh Tengah;2023;Tertinggal;35;Desa;
11;Aceh;11.02;Kabupaten Aceh Tenggara;2023;Berkembang;269;Desa;
11;Aceh;11.02;Kabupaten Aceh Tenggara;2023;Maju;95;Desa;
11;Aceh;11.02;Kabupaten Aceh Tenggara;2023;Mandiri;4;Desa;
11;Aceh;11.02;Kabupaten Aceh Tenggara;2023;Sangat Tertinggal;3;Desa;
11;Aceh;11.02;Kabupaten Aceh Tenggara;2023;Tertinggal;14;Desa;
11;Aceh;11.03;Kabupaten Aceh Timur;2023;Berkembang;307;Desa;
11;Aceh;11.03;Kabupaten Aceh Timur;2023;Maju;152;Desa;
11;Aceh;11.03;Kabupaten Aceh Timur;2023;Mandiri;19;Desa;
11;Aceh;11.03;Kabupaten Aceh Timur;2023;Sangat Tertinggal;1;Desa;
11;Aceh;11.03;Kabupaten Aceh Timur;2023;Tertinggal;34;Desa;
11;Aceh;11.08;Kabupaten Aceh Utara;2023;Berkembang;490;Desa;
11;Aceh;11.08;Kabupaten Aceh Utara;2023;Maju;75;Desa;
11;Aceh;11.08;Kabupaten Aceh Utara;2023;Mandiri;6;Desa;
11;Aceh;11.08;Kabupaten Aceh Utara;2023;Sangat Tertinggal;15;Desa;
11;Aceh;11.08;Kabupaten Aceh Utara;2023;Tertinggal;266;Desa;
11;Aceh;11.17;Kabupaten Bener Meriah;2023;Berkembang;106;Desa;
11;Aceh;11.17;Kabupaten Bener Meriah;2023;Maju;62;Desa;
11;Aceh;11.17;Kabupaten Bener Meriah;2023;Mandiri;32;Desa;
11;Aceh;11.17;Kabupaten Bener Meriah;2023;Sangat Tertinggal;2;Desa;
11;Aceh;11.17;Kabupaten Bener Meriah;2023;Tertinggal;30;Desa;
11;Aceh;11.11;Kabupaten Bireuen;2023;Berkembang;396;Desa;
11;Aceh;11.11;Kabupaten Bireuen;2023;Maju;111;Desa;
11;Aceh;11.11;Kabupaten Bireuen;2023;Mandiri;11;Desa;
11;Aceh;11.11;Kabupaten Bireuen;2023;Sangat Tertinggal;3;Desa;
11;Aceh;11.11;Kabupaten Bireuen;2023;Tertinggal;88;Desa;
11;Aceh;11.13;Kabupaten Gayo Lues;2023;Berkembang;86;Desa;
11;Aceh;11.13;Kabupaten Gayo Lues;2023;Maju;16;Desa;
11;Aceh;11.13;Kabupaten Gayo Lues;2023;Mandiri;4;Desa;
11;Aceh;11.13;Kabupaten Gayo Lues;2023;Sangat Tertinggal;0;Desa;
11;Aceh;11.13;Kabupaten Gayo Lues;2023;Tertinggal;30;Desa;
11;Aceh;11.71;Kota Banda Aceh;2023;Berkembang;0;Desa;
11;Aceh;11.71;Kota Banda Aceh;2023;Maju;8;Desa;
11;Aceh;11.71;Kota Banda Aceh;2023;Mandiri;82;Desa;
11;Aceh;11.71;Kota Banda Aceh;2023;Sangat Tertinggal;0;Desa;
11;Aceh;11.71;Kota Banda Aceh;2023;Tertinggal;0;Desa;
11;Aceh;11.74;Kota Langsa;2023;Berkembang;32;Desa;
11;Aceh;11.74;Kota Langsa;2023;Maju;21;Desa;
11;Aceh;11.74;Kota Langsa;2023;Mandiri;12;Desa;
11;Aceh;11.74;Kota Langsa;2023;Sangat Tertinggal;0;Desa;
11;Aceh;11.74;Kota Langsa;2023;Tertinggal;1;Desa;
11;Aceh;11.73;Kota Lhokseumawe;2023;Berkembang;17;Desa;
11;Aceh;11.73;Kota Lhokseumawe;2023;Maju;33;Desa;
11;Aceh;11.73;Kota Lhokseumawe;2023;Mandiri;18;Desa;
11;Aceh;11.73;Kota Lhokseumawe;2023;Sangat Tertinggal;0;Desa;
11;Aceh;11.73;Kota Lhokseumawe;2023;Tertinggal;0;Desa;
11;Aceh;11.72;Kota Sabang;2023;Berkembang;0;Desa;
11;Aceh;11.72;Kota Sabang;2023;Maju;9;Desa;
11;Aceh;11.72;Kota Sabang;2023;Mandiri;9;Desa;
11;Aceh;11.72;Kota Sabang;2023;Sangat Tertinggal;0;Desa;
11;Aceh;11.72;Kota Sabang;2023;Tertinggal;0;Desa;
11;Aceh;11.75;Kota Subulussalam;2023;Berkembang;31;Desa;
11;Aceh;11.75;Kota Subulussalam;2023;Maju;27;Desa;
11;Aceh;11.75;Kota Subulussalam;2023;Mandiri;16;Desa;
11;Aceh;11.75;Kota Subulussalam;2023;Sangat Tertinggal;1;Desa;
11;Aceh;11.75;Kota Subulussalam;2023;Tertinggal;7;Desa;
11;Aceh;11.15;Kabupaten Nagan Raya;2023;Berkembang;125;Desa;
11;Aceh;11.15;Kabupaten Nagan Raya;2023;Maju;56;Desa;
11;Aceh;11.15;Kabupaten Nagan Raya;2023;Mandiri;10;Desa;
11;Aceh;11.15;Kabupaten Nagan Raya;2023;Sangat Tertinggal;1;Desa;
11;Aceh;11.15;Kabupaten Nagan Raya;2023;Tertinggal;30;Desa;
11;Aceh;11.07;Kabupaten Pidie;2023;Berkembang;606;Desa;
11;Aceh;11.07;Kabupaten Pidie;2023;Maju;79;Desa;
11;Aceh;11.07;Kabupaten Pidie;2023;Mandiri;8;Desa;
11;Aceh;11.07;Kabupaten Pidie;2023;Sangat Tertinggal;0;Desa;
11;Aceh;11.07;Kabupaten Pidie;2023;Tertinggal;37;Desa;
11;Aceh;11.18;Kabupaten Pidie Jaya;2023;Berkembang;156;Desa;
11;Aceh;11.18;Kabupaten Pidie Jaya;2023;Maju;49;Desa;
11;Aceh;11.18;Kabupaten Pidie Jaya;2023;Mandiri;9;Desa;
11;Aceh;11.18;Kabupaten Pidie Jaya;2023;Sangat Tertinggal;2;Desa;
11;Aceh;11.18;Kabupaten Pidie Jaya;2023;Tertinggal;6;Desa;
11;Aceh;11.09;Kabupaten Simeulue;2023;Berkembang;95;Desa;
11;Aceh;11.09;Kabupaten Simeulue;2023;Maju;10;Desa;
11;Aceh;11.09;Kabupaten Simeulue;2023;Mandiri;2;Desa;
11;Aceh;11.09;Kabupaten Simeulue;2023;Sangat Tertinggal;0;Desa;
11;Aceh;11.09;Kabupaten Simeulue;2023;Tertinggal;31;Desa;
11;Aceh;11.05;Kabupaten Aceh Barat;2022;Berkembang;190;Desa;
11;Aceh;11.05;Kabupaten Aceh Barat;2022;Maju;42;Desa;
11;Aceh;11.05;Kabupaten Aceh Barat;2022;Mandiri;12;Desa;
11;Aceh;11.05;Kabupaten Aceh Barat;2022;Sangat Tertinggal;6;Desa;
11;Aceh;11.05;Kabupaten Aceh Barat;2022;Tertinggal;72;Desa;
11;Aceh;11.12;Kabupaten Aceh Barat Daya;2022;Berkembang;125;Desa;
11;Aceh;11.12;Kabupaten Aceh Barat Daya;2022;Maju;12;Desa;
11;Aceh;11.12;Kabupaten Aceh Barat Daya;2022;Mandiri;2;Desa;
11;Aceh;11.12;Kabupaten Aceh Barat Daya;2022;Sangat Tertinggal;0;Desa;
11;Aceh;11.12;Kabupaten Aceh Barat Daya;2022;Tertinggal;13;Desa;
11;Aceh;11.06;Kabupaten Aceh Besar;2022;Berkembang;427;Desa;
11;Aceh;11.06;Kabupaten Aceh Besar;2022;Maju;131;Desa;
11;Aceh;11.06;Kabupaten Aceh Besar;2022;Mandiri;15;Desa;
11;Aceh;11.06;Kabupaten Aceh Besar;2022;Sangat Tertinggal;0;Desa;
11;Aceh;11.06;Kabupaten Aceh Besar;2022;Tertinggal;31;Desa;
11;Aceh;11.14;Kabupaten Aceh Jaya;2022;Berkembang;115;Desa;
11;Aceh;11.14;Kabupaten Aceh Jaya;2022;Maju;27;Desa;
11;Aceh;11.14;Kabupaten Aceh Jaya;2022;Mandiri;9;Desa;
11;Aceh;11.14;Kabupaten Aceh Jaya;2022;Sangat Tertinggal;1;Desa;
11;Aceh;11.14;Kabupaten Aceh Jaya;2022;Tertinggal;20;Desa;
11;Aceh;11.01;Kabupaten Aceh Selatan;2022;Berkembang;158;Desa;
11;Aceh;11.01;Kabupaten Aceh Selatan;2022;Maju;29;Desa;
11;Aceh;11.01;Kabupaten Aceh Selatan;2022;Mandiri;8;Desa;
11;Aceh;11.01;Kabupaten Aceh Selatan;2022;Sangat Tertinggal;12;Desa;
11;Aceh;11.01;Kabupaten Aceh Selatan;2022;Tertinggal;53;Desa;
11;Aceh;11.10;Kabupaten Aceh Singkil;2022;Berkembang;41;Desa;
11;Aceh;11.10;Kabupaten Aceh Singkil;2022;Maju;25;Desa;
11;Aceh;11.10;Kabupaten Aceh Singkil;2022;Mandiri;7;Desa;
11;Aceh;11.10;Kabupaten Aceh Singkil;2022;Sangat Tertinggal;10;Desa;
11;Aceh;11.10;Kabupaten Aceh Singkil;2022;Tertinggal;33;Desa;
11;Aceh;11.16;Kabupaten Aceh Tamiang;2022;Berkembang;118;Desa;
11;Aceh;11.16;Kabupaten Aceh Tamiang;2022;Maju;50;Desa;
11;Aceh;11.16;Kabupaten Aceh Tamiang;2022;Mandiri;21;Desa;
11;Aceh;11.16;Kabupaten Aceh Tamiang;2022;Sangat Tertinggal;0;Desa;
11;Aceh;11.16;Kabupaten Aceh Tamiang;2022;Tertinggal;24;Desa;
11;Aceh;11.04;Kabupaten Aceh Tengah;2022;Berkembang;176;Desa;
11;Aceh;11.04;Kabupaten Aceh Tengah;2022;Maju;45;Desa;
11;Aceh;11.04;Kabupaten Aceh Tengah;2022;Mandiri;13;Desa;
11;Aceh;11.04;Kabupaten Aceh Tengah;2022;Sangat Tertinggal;0;Desa;
11;Aceh;11.04;Kabupaten Aceh Tengah;2022;Tertinggal;61;Desa;
11;Aceh;11.02;Kabupaten Aceh Tenggara;2022;Berkembang;321;Desa;
11;Aceh;11.02;Kabupaten Aceh Tenggara;2022;Maju;25;Desa;
11;Aceh;11.02;Kabupaten Aceh Tenggara;2022;Mandiri;1;Desa;
11;Aceh;11.02;Kabupaten Aceh Tenggara;2022;Sangat Tertinggal;5;Desa;
11;Aceh;11.02;Kabupaten Aceh Tenggara;2022;Tertinggal;33;Desa;
11;Aceh;11.03;Kabupaten Aceh Timur;2022;Berkembang;383;Desa;
11;Aceh;11.03;Kabupaten Aceh Timur;2022;Maju;61;Desa;
11;Aceh;11.03;Kabupaten Aceh Timur;2022;Mandiri;3;Desa;
11;Aceh;11.03;Kabupaten Aceh Timur;2022;Sangat Tertinggal;1;Desa;
11;Aceh;11.03;Kabupaten Aceh Timur;2022;Tertinggal;65;Desa;
11;Aceh;11.08;Kabupaten Aceh Utara;2022;Berkembang;396;Desa;
11;Aceh;11.08;Kabupaten Aceh Utara;2022;Maju;34;Desa;
11;Aceh;11.08;Kabupaten Aceh Utara;2022;Mandiri;5;Desa;
11;Aceh;11.08;Kabupaten Aceh Utara;2022;Sangat Tertinggal;19;Desa;
11;Aceh;11.08;Kabupaten Aceh Utara;2022;Tertinggal;398;Desa;
11;Aceh;11.17;Kabupaten Bener Meriah;2022;Berkembang;121;Desa;
11;Aceh;11.17;Kabupaten Bener Meriah;2022;Maju;54;Desa;
11;Aceh;11.17;Kabupaten Bener Meriah;2022;Mandiri;17;Desa;
11;Aceh;11.17;Kabupaten Bener Meriah;2022;Sangat Tertinggal;2;Desa;
11;Aceh;11.17;Kabupaten Bener Meriah;2022;Tertinggal;38;Desa;
11;Aceh;11.11;Kabupaten Bireuen;2022;Berkembang;343;Desa;
11;Aceh;11.11;Kabupaten Bireuen;2022;Maju;59;Desa;
11;Aceh;11.11;Kabupaten Bireuen;2022;Mandiri;4;Desa;
11;Aceh;11.11;Kabupaten Bireuen;2022;Sangat Tertinggal;11;Desa;
11;Aceh;11.11;Kabupaten Bireuen;2022;Tertinggal;192;Desa;
11;Aceh;11.13;Kabupaten Gayo Lues;2022;Berkembang;86;Desa;
11;Aceh;11.13;Kabupaten Gayo Lues;2022;Maju;11;Desa;
11;Aceh;11.13;Kabupaten Gayo Lues;2022;Mandiri;1;Desa;
11;Aceh;11.13;Kabupaten Gayo Lues;2022;Sangat Tertinggal;1;Desa;
11;Aceh;11.13;Kabupaten Gayo Lues;2022;Tertinggal;37;Desa;
11;Aceh;11.15;Kabupaten Nagan Raya;2022;Berkembang;136;Desa;
11;Aceh;11.15;Kabupaten Nagan Raya;2022;Maju;32;Desa;
11;Aceh;11.15;Kabupaten Nagan Raya;2022;Mandiri;3;Desa;
11;Aceh;11.15;Kabupaten Nagan Raya;2022;Sangat Tertinggal;3;Desa;
11;Aceh;11.15;Kabupaten Nagan Raya;2022;Tertinggal;48;Desa;
11;Aceh;11.07;Kabupaten Pidie;2022;Berkembang;498;Desa;
11;Aceh;11.07;Kabupaten Pidie;2022;Maju;36;Desa;
11;Aceh;11.07;Kabupaten Pidie;2022;Mandiri;4;Desa;
11;Aceh;11.07;Kabupaten Pidie;2022;Sangat Tertinggal;0;Desa;
11;Aceh;11.07;Kabupaten Pidie;2022;Tertinggal;192;Desa;
11;Aceh;11.18;Kabupaten Pidie Jaya;2022;Berkembang;184;Desa;
11;Aceh;11.18;Kabupaten Pidie Jaya;2022;Maju;15;Desa;
11;Aceh;11.18;Kabupaten Pidie Jaya;2022;Mandiri;5;Desa;
11;Aceh;11.18;Kabupaten Pidie Jaya;2022;Sangat Tertinggal;2;Desa;
11;Aceh;11.18;Kabupaten Pidie Jaya;2022;Tertinggal;16;Desa;
11;Aceh;11.09;Kabupaten Simeulue;2022;Berkembang;96;Desa;
11;Aceh;11.09;Kabupaten Simeulue;2022;Maju;2;Desa;
11;Aceh;11.09;Kabupaten Simeulue;2022;Mandiri;2;Desa;
11;Aceh;11.09;Kabupaten Simeulue;2022;Sangat Tertinggal;0;Desa;
11;Aceh;11.09;Kabupaten Simeulue;2022;Tertinggal;38;Desa;
11;Aceh;11.71;Kota Banda Aceh;2022;Berkembang;0;Desa;
11;Aceh;11.71;Kota Banda Aceh;2022;Maju;30;Desa;
11;Aceh;11.71;Kota Banda Aceh;2022;Mandiri;60;Desa;
11;Aceh;11.71;Kota Banda Aceh;2022;Sangat Tertinggal;0;Desa;
11;Aceh;11.71;Kota Banda Aceh;2022;Tertinggal;0;Desa;
11;Aceh;11.74;Kota Langsa;2022;Berkembang;41;Desa;
11;Aceh;11.74;Kota Langsa;2022;Maju;14;Desa;
11;Aceh;11.74;Kota Langsa;2022;Mandiri;10;Desa;
11;Aceh;11.74;Kota Langsa;2022;Sangat Tertinggal;0;Desa;
11;Aceh;11.74;Kota Langsa;2022;Tertinggal;1;Desa;
11;Aceh;11.73;Kota Lhokseumawe;2022;Berkembang;27;Desa;
11;Aceh;11.73;Kota Lhokseumawe;2022;Maju;31;Desa;
11;Aceh;11.73;Kota Lhokseumawe;2022;Mandiri;10;Desa;
11;Aceh;11.73;Kota Lhokseumawe;2022;Sangat Tertinggal;0;Desa;
11;Aceh;11.73;Kota Lhokseumawe;2022;Tertinggal;0;Desa;
11;Aceh;11.72;Kota Sabang;2022;Berkembang;0;Desa;
11;Aceh;11.72;Kota Sabang;2022;Maju;11;Desa;
11;Aceh;11.72;Kota Sabang;2022;Mandiri;7;Desa;
11;Aceh;11.72;Kota Sabang;2022;Sangat Tertinggal;0;Desa;
11;Aceh;11.72;Kota Sabang;2022;Tertinggal;0;Desa;
11;Aceh;11.75;Kota Subulussalam;2022;Berkembang;46;Desa;
11;Aceh;11.75;Kota Subulussalam;2022;Maju;12;Desa;
11;Aceh;11.75;Kota Subulussalam;2022;Mandiri;5;Desa;
11;Aceh;11.75;Kota Subulussalam;2022;Sangat Tertinggal;5;Desa;
11;Aceh;11.75;Kota Subulussalam;2022;Tertinggal;14;Desa;
11;Aceh;11.05;Kabupaten Aceh Barat;2021;Berkembang;173;Desa;
11;Aceh;11.05;Kabupaten Aceh Barat;2021;Maju;41;Desa;
11;Aceh;11.05;Kabupaten Aceh Barat;2021;Mandiri;6;Desa;
11;Aceh;11.05;Kabupaten Aceh Barat;2021;Sangat Tertinggal;11;Desa;
11;Aceh;11.05;Kabupaten Aceh Barat;2021;Tertinggal;90;Desa;
11;Aceh;11.12;Kabupaten Aceh Barat Daya;2021;Berkembang;120;Desa;
11;Aceh;11.12;Kabupaten Aceh Barat Daya;2021;Maju;9;Desa;
11;Aceh;11.12;Kabupaten Aceh Barat Daya;2021;Mandiri;0;Desa;
11;Aceh;11.12;Kabupaten Aceh Barat Daya;2021;Sangat Tertinggal;0;Desa;
11;Aceh;11.12;Kabupaten Aceh Barat Daya;2021;Tertinggal;23;Desa;
11;Aceh;11.06;Kabupaten Aceh Besar;2021;Berkembang;480;Desa;
11;Aceh;11.06;Kabupaten Aceh Besar;2021;Maju;64;Desa;
11;Aceh;11.06;Kabupaten Aceh Besar;2021;Mandiri;3;Desa;
11;Aceh;11.06;Kabupaten Aceh Besar;2021;Sangat Tertinggal;0;Desa;
11;Aceh;11.06;Kabupaten Aceh Besar;2021;Tertinggal;57;Desa;
11;Aceh;11.14;Kabupaten Aceh Jaya;2021;Berkembang;119;Desa;
11;Aceh;11.14;Kabupaten Aceh Jaya;2021;Maju;27;Desa;
11;Aceh;11.14;Kabupaten Aceh Jaya;2021;Mandiri;0;Desa;
11;Aceh;11.14;Kabupaten Aceh Jaya;2021;Sangat Tertinggal;3;Desa;
11;Aceh;11.14;Kabupaten Aceh Jaya;2021;Tertinggal;23;Desa;
11;Aceh;11.01;Kabupaten Aceh Selatan;2021;Berkembang;147;Desa;
11;Aceh;11.01;Kabupaten Aceh Selatan;2021;Maju;19;Desa;
11;Aceh;11.01;Kabupaten Aceh Selatan;2021;Mandiri;3;Desa;
11;Aceh;11.01;Kabupaten Aceh Selatan;2021;Sangat Tertinggal;16;Desa;
11;Aceh;11.01;Kabupaten Aceh Selatan;2021;Tertinggal;75;Desa;
11;Aceh;11.10;Kabupaten Aceh Singkil;2021;Berkembang;47;Desa;
11;Aceh;11.10;Kabupaten Aceh Singkil;2021;Maju;10;Desa;
11;Aceh;11.10;Kabupaten Aceh Singkil;2021;Mandiri;1;Desa;
11;Aceh;11.10;Kabupaten Aceh Singkil;2021;Sangat Tertinggal;14;Desa;
11;Aceh;11.10;Kabupaten Aceh Singkil;2021;Tertinggal;44;Desa;
11;Aceh;11.16;Kabupaten Aceh Tamiang;2021;Berkembang;139;Desa;
11;Aceh;11.16;Kabupaten Aceh Tamiang;2021;Maju;37;Desa;
11;Aceh;11.16;Kabupaten Aceh Tamiang;2021;Mandiri;5;Desa;
11;Aceh;11.16;Kabupaten Aceh Tamiang;2021;Sangat Tertinggal;1;Desa;
11;Aceh;11.16;Kabupaten Aceh Tamiang;2021;Tertinggal;31;Desa;
11;Aceh;11.04;Kabupaten Aceh Tengah;2021;Berkembang;175;Desa;
11;Aceh;11.04;Kabupaten Aceh Tengah;2021;Maju;31;Desa;
11;Aceh;11.04;Kabupaten Aceh Tengah;2021;Mandiri;0;Desa;
11;Aceh;11.04;Kabupaten Aceh Tengah;2021;Sangat Tertinggal;1;Desa;
11;Aceh;11.04;Kabupaten Aceh Tengah;2021;Tertinggal;88;Desa;
11;Aceh;11.02;Kabupaten Aceh Tenggara;2021;Berkembang;319;Desa;
11;Aceh;11.02;Kabupaten Aceh Tenggara;2021;Maju;13;Desa;
11;Aceh;11.02;Kabupaten Aceh Tenggara;2021;Mandiri;0;Desa;
11;Aceh;11.02;Kabupaten Aceh Tenggara;2021;Sangat Tertinggal;7;Desa;
11;Aceh;11.02;Kabupaten Aceh Tenggara;2021;Tertinggal;45;Desa;
11;Aceh;11.03;Kabupaten Aceh Timur;2021;Berkembang;399;Desa;
11;Aceh;11.03;Kabupaten Aceh Timur;2021;Maju;38;Desa;
11;Aceh;11.03;Kabupaten Aceh Timur;2021;Mandiri;0;Desa;
11;Aceh;11.03;Kabupaten Aceh Timur;2021;Sangat Tertinggal;3;Desa;
11;Aceh;11.03;Kabupaten Aceh Timur;2021;Tertinggal;73;Desa;
11;Aceh;11.08;Kabupaten Aceh Utara;2021;Berkembang;197;Desa;
11;Aceh;11.08;Kabupaten Aceh Utara;2021;Maju;8;Desa;
11;Aceh;11.08;Kabupaten Aceh Utara;2021;Mandiri;0;Desa;
11;Aceh;11.08;Kabupaten Aceh Utara;2021;Sangat Tertinggal;67;Desa;
11;Aceh;11.08;Kabupaten Aceh Utara;2021;Tertinggal;580;Desa;
11;Aceh;11.17;Kabupaten Bener Meriah;2021;Berkembang;130;Desa;
11;Aceh;11.17;Kabupaten Bener Meriah;2021;Maju;26;Desa;
11;Aceh;11.17;Kabupaten Bener Meriah;2021;Mandiri;4;Desa;
11;Aceh;11.17;Kabupaten Bener Meriah;2021;Sangat Tertinggal;2;Desa;
11;Aceh;11.17;Kabupaten Bener Meriah;2021;Tertinggal;70;Desa;
11;Aceh;11.11;Kabupaten Bireuen;2021;Berkembang;212;Desa;
11;Aceh;11.11;Kabupaten Bireuen;2021;Maju;7;Desa;
11;Aceh;11.11;Kabupaten Bireuen;2021;Mandiri;0;Desa;
11;Aceh;11.11;Kabupaten Bireuen;2021;Sangat Tertinggal;42;Desa;
11;Aceh;11.11;Kabupaten Bireuen;2021;Tertinggal;348;Desa;
11;Aceh;11.13;Kabupaten Gayo Lues;2021;Berkembang;76;Desa;
11;Aceh;11.13;Kabupaten Gayo Lues;2021;Maju;3;Desa;
11;Aceh;11.13;Kabupaten Gayo Lues;2021;Mandiri;1;Desa;
11;Aceh;11.13;Kabupaten Gayo Lues;2021;Sangat Tertinggal;4;Desa;
11;Aceh;11.13;Kabupaten Gayo Lues;2021;Tertinggal;52;Desa;
11;Aceh;11.71;Kota Banda Aceh;2021;Berkembang;21;Desa;
11;Aceh;11.71;Kota Banda Aceh;2021;Maju;53;Desa;
11;Aceh;11.71;Kota Banda Aceh;2021;Mandiri;16;Desa;
11;Aceh;11.71;Kota Banda Aceh;2021;Sangat Tertinggal;0;Desa;
11;Aceh;11.71;Kota Banda Aceh;2021;Tertinggal;0;Desa;
11;Aceh;11.74;Kota Langsa;2021;Berkembang;48;Desa;
11;Aceh;11.74;Kota Langsa;2021;Maju;17;Desa;
11;Aceh;11.74;Kota Langsa;2021;Mandiri;0;Desa;
11;Aceh;11.74;Kota Langsa;2021;Sangat Tertinggal;0;Desa;
11;Aceh;11.74;Kota Langsa;2021;Tertinggal;1;Desa;
11;Aceh;11.73;Kota Lhokseumawe;2021;Berkembang;53;Desa;
11;Aceh;11.73;Kota Lhokseumawe;2021;Maju;13;Desa;
11;Aceh;11.73;Kota Lhokseumawe;2021;Mandiri;2;Desa;
11;Aceh;11.73;Kota Lhokseumawe;2021;Sangat Tertinggal;0;Desa;
11;Aceh;11.73;Kota Lhokseumawe;2021;Tertinggal;0;Desa;
11;Aceh;11.72;Kota Sabang;2021;Berkembang;0;Desa;
11;Aceh;11.72;Kota Sabang;2021;Maju;18;Desa;
11;Aceh;11.72;Kota Sabang;2021;Mandiri;0;Desa;
11;Aceh;11.72;Kota Sabang;2021;Sangat Tertinggal;0;Desa;
11;Aceh;11.72;Kota Sabang;2021;Tertinggal;0;Desa;
11;Aceh;11.75;Kota Subulussalam;2021;Berkembang;52;Desa;
11;Aceh;11.75;Kota Subulussalam;2021;Maju;6;Desa;
11;Aceh;11.75;Kota Subulussalam;2021;Mandiri;0;Desa;
11;Aceh;11.75;Kota Subulussalam;2021;Sangat Tertinggal;5;Desa;
11;Aceh;11.75;Kota Subulussalam;2021;Tertinggal;19;Desa;
11;Aceh;11.15;Kabupaten Nagan Raya;2021;Berkembang;119;Desa;
11;Aceh;11.15;Kabupaten Nagan Raya;2021;Maju;21;Desa;
11;Aceh;11.15;Kabupaten Nagan Raya;2021;Mandiri;0;Desa;
11;Aceh;11.15;Kabupaten Nagan Raya;2021;Sangat Tertinggal;6;Desa;
11;Aceh;11.15;Kabupaten Nagan Raya;2021;Tertinggal;76;Desa;
11;Aceh;11.07;Kabupaten Pidie;2021;Berkembang;378;Desa;
11;Aceh;11.07;Kabupaten Pidie;2021;Maju;17;Desa;
11;Aceh;11.07;Kabupaten Pidie;2021;Mandiri;0;Desa;
11;Aceh;11.07;Kabupaten Pidie;2021;Sangat Tertinggal;8;Desa;
11;Aceh;11.07;Kabupaten Pidie;2021;Tertinggal;326;Desa;
11;Aceh;11.18;Kabupaten Pidie Jaya;2021;Berkembang;130;Desa;
11;Aceh;11.18;Kabupaten Pidie Jaya;2021;Maju;5;Desa;
11;Aceh;11.18;Kabupaten Pidie Jaya;2021;Mandiri;0;Desa;
11;Aceh;11.18;Kabupaten Pidie Jaya;2021;Sangat Tertinggal;3;Desa;
11;Aceh;11.18;Kabupaten Pidie Jaya;2021;Tertinggal;84;Desa;
11;Aceh;11.09;Kabupaten Simeulue;2021;Berkembang;85;Desa;
11;Aceh;11.09;Kabupaten Simeulue;2021;Maju;3;Desa;
11;Aceh;11.09;Kabupaten Simeulue;2021;Mandiri;0;Desa;
11;Aceh;11.09;Kabupaten Simeulue;2021;Sangat Tertinggal;0;Desa;
11;Aceh;11.09;Kabupaten Simeulue;2021;Tertinggal;50;Desa;
11;Aceh;11.01;Kabupaten Aceh Selatan;2020;Berkembang;138;Desa;
11;Aceh;11.01;Kabupaten Aceh Selatan;2020;Maju;18;Desa;
11;Aceh;11.01;Kabupaten Aceh Selatan;2020;Mandiri;3;Desa;
11;Aceh;11.01;Kabupaten Aceh Selatan;2020;Sangat Tertinggal;18;Desa;
11;Aceh;11.01;Kabupaten Aceh Selatan;2020;Tertinggal;83;Desa;
11;Aceh;11.02;Kabupaten Aceh Tenggara;2020;Berkembang;315;Desa;
11;Aceh;11.02;Kabupaten Aceh Tenggara;2020;Maju;10;Desa;
11;Aceh;11.02;Kabupaten Aceh Tenggara;2020;Mandiri;0;Desa;
11;Aceh;11.02;Kabupaten Aceh Tenggara;2020;Sangat Tertinggal;7;Desa;
11;Aceh;11.02;Kabupaten Aceh Tenggara;2020;Tertinggal;53;Desa;
11;Aceh;11.03;Kabupaten Aceh Timur;2020;Berkembang;401;Desa;
11;Aceh;11.03;Kabupaten Aceh Timur;2020;Maju;37;Desa;
11;Aceh;11.03;Kabupaten Aceh Timur;2020;Mandiri;0;Desa;
11;Aceh;11.03;Kabupaten Aceh Timur;2020;Sangat Tertinggal;4;Desa;
11;Aceh;11.03;Kabupaten Aceh Timur;2020;Tertinggal;71;Desa;
11;Aceh;11.04;Kabupaten Aceh Tengah;2020;Berkembang;159;Desa;
11;Aceh;11.04;Kabupaten Aceh Tengah;2020;Maju;25;Desa;
11;Aceh;11.04;Kabupaten Aceh Tengah;2020;Mandiri;0;Desa;
11;Aceh;11.04;Kabupaten Aceh Tengah;2020;Sangat Tertinggal;4;Desa;
11;Aceh;11.04;Kabupaten Aceh Tengah;2020;Tertinggal;107;Desa;
11;Aceh;11.05;Kabupaten Aceh Barat;2020;Berkembang;156;Desa;
11;Aceh;11.05;Kabupaten Aceh Barat;2020;Maju;28;Desa;
11;Aceh;11.05;Kabupaten Aceh Barat;2020;Mandiri;3;Desa;
11;Aceh;11.05;Kabupaten Aceh Barat;2020;Sangat Tertinggal;13;Desa;
11;Aceh;11.05;Kabupaten Aceh Barat;2020;Tertinggal;122;Desa;
11;Aceh;11.06;Kabupaten Aceh Besar;2020;Berkembang;481;Desa;
11;Aceh;11.06;Kabupaten Aceh Besar;2020;Maju;49;Desa;
11;Aceh;11.06;Kabupaten Aceh Besar;2020;Mandiri;3;Desa;
11;Aceh;11.06;Kabupaten Aceh Besar;2020;Sangat Tertinggal;0;Desa;
11;Aceh;11.06;Kabupaten Aceh Besar;2020;Tertinggal;71;Desa;
11;Aceh;11.07;Kabupaten Pidie;2020;Berkembang;351;Desa;
11;Aceh;11.07;Kabupaten Pidie;2020;Maju;17;Desa;
11;Aceh;11.07;Kabupaten Pidie;2020;Mandiri;1;Desa;
11;Aceh;11.07;Kabupaten Pidie;2020;Sangat Tertinggal;11;Desa;
11;Aceh;11.07;Kabupaten Pidie;2020;Tertinggal;350;Desa;
11;Aceh;11.08;Kabupaten Aceh Utara;2020;Berkembang;158;Desa;
11;Aceh;11.08;Kabupaten Aceh Utara;2020;Maju;4;Desa;
11;Aceh;11.08;Kabupaten Aceh Utara;2020;Mandiri;0;Desa;
11;Aceh;11.08;Kabupaten Aceh Utara;2020;Sangat Tertinggal;65;Desa;
11;Aceh;11.08;Kabupaten Aceh Utara;2020;Tertinggal;625;Desa;
11;Aceh;11.09;Kabupaten Simeulue;2020;Berkembang;80;Desa;
11;Aceh;11.09;Kabupaten Simeulue;2020;Maju;3;Desa;
11;Aceh;11.09;Kabupaten Simeulue;2020;Mandiri;0;Desa;
11;Aceh;11.09;Kabupaten Simeulue;2020;Sangat Tertinggal;1;Desa;
11;Aceh;11.09;Kabupaten Simeulue;2020;Tertinggal;54;Desa;
11;Aceh;11.10;Kabupaten Aceh Singkil;2020;Berkembang;43;Desa;
11;Aceh;11.10;Kabupaten Aceh Singkil;2020;Maju;9;Desa;
11;Aceh;11.10;Kabupaten Aceh Singkil;2020;Mandiri;1;Desa;
11;Aceh;11.10;Kabupaten Aceh Singkil;2020;Sangat Tertinggal;11;Desa;
11;Aceh;11.10;Kabupaten Aceh Singkil;2020;Tertinggal;52;Desa;
11;Aceh;11.11;Kabupaten Bireuen;2020;Berkembang;196;Desa;
11;Aceh;11.11;Kabupaten Bireuen;2020;Maju;5;Desa;
11;Aceh;11.11;Kabupaten Bireuen;2020;Mandiri;0;Desa;
11;Aceh;11.11;Kabupaten Bireuen;2020;Sangat Tertinggal;45;Desa;
11;Aceh;11.11;Kabupaten Bireuen;2020;Tertinggal;363;Desa;
11;Aceh;11.12;Kabupaten Aceh Barat Daya;2020;Berkembang;121;Desa;
11;Aceh;11.12;Kabupaten Aceh Barat Daya;2020;Maju;7;Desa;
11;Aceh;11.12;Kabupaten Aceh Barat Daya;2020;Mandiri;0;Desa;
11;Aceh;11.12;Kabupaten Aceh Barat Daya;2020;Sangat Tertinggal;0;Desa;
11;Aceh;11.12;Kabupaten Aceh Barat Daya;2020;Tertinggal;24;Desa;
11;Aceh;11.13;Kabupaten Gayo Lues;2020;Berkembang;70;Desa;
11;Aceh;11.13;Kabupaten Gayo Lues;2020;Maju;3;Desa;
11;Aceh;11.13;Kabupaten Gayo Lues;2020;Mandiri;1;Desa;
11;Aceh;11.13;Kabupaten Gayo Lues;2020;Sangat Tertinggal;4;Desa;
11;Aceh;11.13;Kabupaten Gayo Lues;2020;Tertinggal;58;Desa;
11;Aceh;11.14;Kabupaten Aceh Jaya;2020;Berkembang;111;Desa;
11;Aceh;11.14;Kabupaten Aceh Jaya;2020;Maju;19;Desa;
11;Aceh;11.14;Kabupaten Aceh Jaya;2020;Mandiri;0;Desa;
11;Aceh;11.14;Kabupaten Aceh Jaya;2020;Sangat Tertinggal;6;Desa;
11;Aceh;11.14;Kabupaten Aceh Jaya;2020;Tertinggal;36;Desa;
11;Aceh;11.15;Kabupaten Nagan Raya;2020;Berkembang;109;Desa;
11;Aceh;11.15;Kabupaten Nagan Raya;2020;Maju;16;Desa;
11;Aceh;11.15;Kabupaten Nagan Raya;2020;Mandiri;0;Desa;
11;Aceh;11.15;Kabupaten Nagan Raya;2020;Sangat Tertinggal;7;Desa;
11;Aceh;11.15;Kabupaten Nagan Raya;2020;Tertinggal;90;Desa;
11;Aceh;11.16;Kabupaten Aceh Tamiang;2020;Berkembang;146;Desa;
11;Aceh;11.16;Kabupaten Aceh Tamiang;2020;Maju;19;Desa;
11;Aceh;11.16;Kabupaten Aceh Tamiang;2020;Mandiri;3;Desa;
11;Aceh;11.16;Kabupaten Aceh Tamiang;2020;Sangat Tertinggal;0;Desa;
11;Aceh;11.16;Kabupaten Aceh Tamiang;2020;Tertinggal;45;Desa;
11;Aceh;11.17;Kabupaten Bener Meriah;2020;Berkembang;125;Desa;
11;Aceh;11.17;Kabupaten Bener Meriah;2020;Maju;19;Desa;
11;Aceh;11.17;Kabupaten Bener Meriah;2020;Mandiri;3;Desa;
11;Aceh;11.17;Kabupaten Bener Meriah;2020;Sangat Tertinggal;2;Desa;
11;Aceh;11.17;Kabupaten Bener Meriah;2020;Tertinggal;83;Desa;
11;Aceh;11.18;Kabupaten Pidie Jaya;2020;Berkembang;117;Desa;
11;Aceh;11.18;Kabupaten Pidie Jaya;2020;Maju;4;Desa;
11;Aceh;11.18;Kabupaten Pidie Jaya;2020;Mandiri;0;Desa;
11;Aceh;11.18;Kabupaten Pidie Jaya;2020;Sangat Tertinggal;3;Desa;
11;Aceh;11.18;Kabupaten Pidie Jaya;2020;Tertinggal;98;Desa;
11;Aceh;11.71;Kota Banda Aceh;2020;Berkembang;24;Desa;
11;Aceh;11.71;Kota Banda Aceh;2020;Maju;54;Desa;
11;Aceh;11.71;Kota Banda Aceh;2020;Mandiri;12;Desa;
11;Aceh;11.71;Kota Banda Aceh;2020;Sangat Tertinggal;0;Desa;
11;Aceh;11.71;Kota Banda Aceh;2020;Tertinggal;0;Desa;
11;Aceh;11.72;Kota Sabang;2020;Berkembang;1;Desa;
11;Aceh;11.72;Kota Sabang;2020;Maju;17;Desa;
11;Aceh;11.72;Kota Sabang;2020;Mandiri;0;Desa;
11;Aceh;11.72;Kota Sabang;2020;Sangat Tertinggal;0;Desa;
11;Aceh;11.72;Kota Sabang;2020;Tertinggal;0;Desa;
11;Aceh;11.73;Kota Lhokseumawe;2020;Berkembang;53;Desa;
11;Aceh;11.73;Kota Lhokseumawe;2020;Maju;13;Desa;
11;Aceh;11.73;Kota Lhokseumawe;2020;Mandiri;2;Desa;
11;Aceh;11.73;Kota Lhokseumawe;2020;Sangat Tertinggal;0;Desa;
11;Aceh;11.73;Kota Lhokseumawe;2020;Tertinggal;0;Desa;
11;Aceh;11.74;Kota Langsa;2020;Berkembang;50;Desa;
11;Aceh;11.74;Kota Langsa;2020;Maju;15;Desa;
11;Aceh;11.74;Kota Langsa;2020;Mandiri;0;Desa;
11;Aceh;11.74;Kota Langsa;2020;Sangat Tertinggal;0;Desa;
11;Aceh;11.74;Kota Langsa;2020;Tertinggal;1;Desa;
11;Aceh;11.75;Kota Subulussalam;2020;Berkembang;53;Desa;
11;Aceh;11.75;Kota Subulussalam;2020;Maju;6;Desa;
11;Aceh;11.75;Kota Subulussalam;2020;Mandiri;0;Desa;
11;Aceh;11.75;Kota Subulussalam;2020;Sangat Tertinggal;5;Desa;
11;Aceh;11.75;Kota Subulussalam;2020;Tertinggal;18;Desa;
11;Aceh;11.05;Kabupaten Aceh Barat;2019;Berkembang;84;Desa;
11;Aceh;11.05;Kabupaten Aceh Barat;2019;Maju;15;Desa;
11;Aceh;11.05;Kabupaten Aceh Barat;2019;Mandiri;0;Desa;
11;Aceh;11.05;Kabupaten Aceh Barat;2019;Sangat Tertinggal;46;Desa;
11;Aceh;11.05;Kabupaten Aceh Barat;2019;Tertinggal;176;Desa;
11;Aceh;11.12;Kabupaten Aceh Barat Daya;2019;Berkembang;118;Desa;
11;Aceh;11.12;Kabupaten Aceh Barat Daya;2019;Maju;2;Desa;
11;Aceh;11.12;Kabupaten Aceh Barat Daya;2019;Mandiri;0;Desa;
11;Aceh;11.12;Kabupaten Aceh Barat Daya;2019;Sangat Tertinggal;3;Desa;
11;Aceh;11.12;Kabupaten Aceh Barat Daya;2019;Tertinggal;29;Desa;
11;Aceh;11.06;Kabupaten Aceh Besar;2019;Berkembang;438;Desa;
11;Aceh;11.06;Kabupaten Aceh Besar;2019;Maju;19;Desa;
11;Aceh;11.06;Kabupaten Aceh Besar;2019;Mandiri;2;Desa;
11;Aceh;11.06;Kabupaten Aceh Besar;2019;Sangat Tertinggal;18;Desa;
11;Aceh;11.06;Kabupaten Aceh Besar;2019;Tertinggal;127;Desa;
11;Aceh;11.14;Kabupaten Aceh Jaya;2019;Berkembang;83;Desa;
11;Aceh;11.14;Kabupaten Aceh Jaya;2019;Maju;11;Desa;
11;Aceh;11.14;Kabupaten Aceh Jaya;2019;Mandiri;2;Desa;
11;Aceh;11.14;Kabupaten Aceh Jaya;2019;Sangat Tertinggal;16;Desa;
11;Aceh;11.14;Kabupaten Aceh Jaya;2019;Tertinggal;60;Desa;
11;Aceh;11.01;Kabupaten Aceh Selatan;2019;Berkembang;81;Desa;
11;Aceh;11.01;Kabupaten Aceh Selatan;2019;Maju;7;Desa;
11;Aceh;11.01;Kabupaten Aceh Selatan;2019;Mandiri;0;Desa;
11;Aceh;11.01;Kabupaten Aceh Selatan;2019;Sangat Tertinggal;13;Desa;
11;Aceh;11.01;Kabupaten Aceh Selatan;2019;Tertinggal;159;Desa;
11;Aceh;11.10;Kabupaten Aceh Singkil;2019;Berkembang;19;Desa;
11;Aceh;11.10;Kabupaten Aceh Singkil;2019;Maju;4;Desa;
11;Aceh;11.10;Kabupaten Aceh Singkil;2019;Mandiri;0;Desa;
11;Aceh;11.10;Kabupaten Aceh Singkil;2019;Sangat Tertinggal;24;Desa;
11;Aceh;11.10;Kabupaten Aceh Singkil;2019;Tertinggal;69;Desa;
11;Aceh;11.16;Kabupaten Aceh Tamiang;2019;Berkembang;89;Desa;
11;Aceh;11.16;Kabupaten Aceh Tamiang;2019;Maju;3;Desa;
11;Aceh;11.16;Kabupaten Aceh Tamiang;2019;Mandiri;0;Desa;
11;Aceh;11.16;Kabupaten Aceh Tamiang;2019;Sangat Tertinggal;4;Desa;
11;Aceh;11.16;Kabupaten Aceh Tamiang;2019;Tertinggal;117;Desa;
11;Aceh;11.04;Kabupaten Aceh Tengah;2019;Berkembang;70;Desa;
11;Aceh;11.04;Kabupaten Aceh Tengah;2019;Maju;4;Desa;
11;Aceh;11.04;Kabupaten Aceh Tengah;2019;Mandiri;0;Desa;
11;Aceh;11.04;Kabupaten Aceh Tengah;2019;Sangat Tertinggal;22;Desa;
11;Aceh;11.04;Kabupaten Aceh Tengah;2019;Tertinggal;199;Desa;
11;Aceh;11.02;Kabupaten Aceh Tenggara;2019;Berkembang;153;Desa;
11;Aceh;11.02;Kabupaten Aceh Tenggara;2019;Maju;2;Desa;
11;Aceh;11.02;Kabupaten Aceh Tenggara;2019;Mandiri;0;Desa;
11;Aceh;11.02;Kabupaten Aceh Tenggara;2019;Sangat Tertinggal;33;Desa;
11;Aceh;11.02;Kabupaten Aceh Tenggara;2019;Tertinggal;197;Desa;
11;Aceh;11.03;Kabupaten Aceh Timur;2019;Berkembang;179;Desa;
11;Aceh;11.03;Kabupaten Aceh Timur;2019;Maju;3;Desa;
11;Aceh;11.03;Kabupaten Aceh Timur;2019;Mandiri;0;Desa;
11;Aceh;11.03;Kabupaten Aceh Timur;2019;Sangat Tertinggal;41;Desa;
11;Aceh;11.03;Kabupaten Aceh Timur;2019;Tertinggal;290;Desa;
11;Aceh;11.08;Kabupaten Aceh Utara;2019;Berkembang;66;Desa;
11;Aceh;11.08;Kabupaten Aceh Utara;2019;Maju;2;Desa;
11;Aceh;11.08;Kabupaten Aceh Utara;2019;Mandiri;0;Desa;
11;Aceh;11.08;Kabupaten Aceh Utara;2019;Sangat Tertinggal;173;Desa;
11;Aceh;11.08;Kabupaten Aceh Utara;2019;Tertinggal;611;Desa;
11;Aceh;11.71;Kota Banda Aceh;2019;Berkembang;45;Desa;
11;Aceh;11.71;Kota Banda Aceh;2019;Maju;39;Desa;
11;Aceh;11.71;Kota Banda Aceh;2019;Mandiri;5;Desa;
11;Aceh;11.71;Kota Banda Aceh;2019;Sangat Tertinggal;1;Desa;
11;Aceh;11.71;Kota Banda Aceh;2019;Tertinggal;0;Desa;
11;Aceh;11.17;Kabupaten Bener Meriah;2019;Berkembang;88;Desa;
11;Aceh;11.17;Kabupaten Bener Meriah;2019;Maju;7;Desa;
11;Aceh;11.17;Kabupaten Bener Meriah;2019;Mandiri;0;Desa;
11;Aceh;11.17;Kabupaten Bener Meriah;2019;Sangat Tertinggal;9;Desa;
11;Aceh;11.17;Kabupaten Bener Meriah;2019;Tertinggal;128;Desa;
11;Aceh;11.11;Kabupaten Bireuen;2019;Berkembang;110;Desa;
11;Aceh;11.11;Kabupaten Bireuen;2019;Maju;5;Desa;
11;Aceh;11.11;Kabupaten Bireuen;2019;Mandiri;0;Desa;
11;Aceh;11.11;Kabupaten Bireuen;2019;Sangat Tertinggal;60;Desa;
11;Aceh;11.11;Kabupaten Bireuen;2019;Tertinggal;434;Desa;
11;Aceh;11.13;Kabupaten Gayo Lues;2019;Berkembang;38;Desa;
11;Aceh;11.13;Kabupaten Gayo Lues;2019;Maju;1;Desa;
11;Aceh;11.13;Kabupaten Gayo Lues;2019;Mandiri;1;Desa;
11;Aceh;11.13;Kabupaten Gayo Lues;2019;Sangat Tertinggal;18;Desa;
11;Aceh;11.13;Kabupaten Gayo Lues;2019;Tertinggal;78;Desa;
11;Aceh;11.74;Kota Langsa;2019;Berkembang;57;Desa;
11;Aceh;11.74;Kota Langsa;2019;Maju;4;Desa;
11;Aceh;11.74;Kota Langsa;2019;Mandiri;0;Desa;
11;Aceh;11.74;Kota Langsa;2019;Sangat Tertinggal;0;Desa;
11;Aceh;11.74;Kota Langsa;2019;Tertinggal;5;Desa;
11;Aceh;11.73;Kota Lhokseumawe;2019;Berkembang;54;Desa;
11;Aceh;11.73;Kota Lhokseumawe;2019;Maju;6;Desa;
11;Aceh;11.73;Kota Lhokseumawe;2019;Mandiri;3;Desa;
11;Aceh;11.73;Kota Lhokseumawe;2019;Sangat Tertinggal;0;Desa;
11;Aceh;11.73;Kota Lhokseumawe;2019;Tertinggal;5;Desa;
11;Aceh;11.72;Kota Sabang;2019;Berkembang;7;Desa;
11;Aceh;11.72;Kota Sabang;2019;Maju;11;Desa;
11;Aceh;11.72;Kota Sabang;2019;Mandiri;0;Desa;
11;Aceh;11.72;Kota Sabang;2019;Sangat Tertinggal;0;Desa;
11;Aceh;11.72;Kota Sabang;2019;Tertinggal;0;Desa;
11;Aceh;11.15;Kabupaten Nagan Raya;2019;Berkembang;49;Desa;
11;Aceh;11.15;Kabupaten Nagan Raya;2019;Maju;7;Desa;
11;Aceh;11.15;Kabupaten Nagan Raya;2019;Mandiri;0;Desa;
11;Aceh;11.15;Kabupaten Nagan Raya;2019;Sangat Tertinggal;21;Desa;
11;Aceh;11.15;Kabupaten Nagan Raya;2019;Tertinggal;145;Desa;
11;Aceh;11.07;Kabupaten Pidie;2019;Berkembang;118;Desa;
11;Aceh;11.07;Kabupaten Pidie;2019;Maju;1;Desa;
11;Aceh;11.07;Kabupaten Pidie;2019;Mandiri;0;Desa;
11;Aceh;11.07;Kabupaten Pidie;2019;Sangat Tertinggal;47;Desa;
11;Aceh;11.07;Kabupaten Pidie;2019;Tertinggal;564;Desa;
11;Aceh;11.18;Kabupaten Pidie Jaya;2019;Berkembang;91;Desa;
11;Aceh;11.18;Kabupaten Pidie Jaya;2019;Maju;3;Desa;
11;Aceh;11.18;Kabupaten Pidie Jaya;2019;Mandiri;0;Desa;
11;Aceh;11.18;Kabupaten Pidie Jaya;2019;Sangat Tertinggal;5;Desa;
11;Aceh;11.18;Kabupaten Pidie Jaya;2019;Tertinggal;123;Desa;
11;Aceh;11.09;Kabupaten Simeulue;2019;Berkembang;81;Desa;
11;Aceh;11.09;Kabupaten Simeulue;2019;Maju;4;Desa;
11;Aceh;11.09;Kabupaten Simeulue;2019;Mandiri;0;Desa;
11;Aceh;11.09;Kabupaten Simeulue;2019;Sangat Tertinggal;1;Desa;
11;Aceh;11.09;Kabupaten Simeulue;2019;Tertinggal;52;Desa;
11;Aceh;11.75;Kota Subulussalam;2019;Berkembang;20;Desa;
11;Aceh;11.75;Kota Subulussalam;2019;Maju;1;Desa;
11;Aceh;11.75;Kota Subulussalam;2019;Mandiri;0;Desa;
11;Aceh;11.75;Kota Subulussalam;2019;Sangat Tertinggal;5;Desa;
11;Aceh;11.75;Kota Subulussalam;2019;Tertinggal;56;Desa;
11;Aceh;11.05;Kabupaten Aceh Barat;2018;Berkembang;84;Desa;
11;Aceh;11.05;Kabupaten Aceh Barat;2018;Maju;15;Desa;
11;Aceh;11.05;Kabupaten Aceh Barat;2018;Mandiri;0;Desa;
11;Aceh;11.05;Kabupaten Aceh Barat;2018;Sangat Tertinggal;40;Desa;
11;Aceh;11.05;Kabupaten Aceh Barat;2018;Tertinggal;176;Desa;
11;Aceh;11.12;Kabupaten Aceh Barat Daya;2018;Berkembang;118;Desa;
11;Aceh;11.12;Kabupaten Aceh Barat Daya;2018;Maju;2;Desa;
11;Aceh;11.12;Kabupaten Aceh Barat Daya;2018;Mandiri;0;Desa;
11;Aceh;11.12;Kabupaten Aceh Barat Daya;2018;Sangat Tertinggal;3;Desa;
11;Aceh;11.12;Kabupaten Aceh Barat Daya;2018;Tertinggal;29;Desa;
11;Aceh;11.06;Kabupaten Aceh Besar;2018;Berkembang;438;Desa;
11;Aceh;11.06;Kabupaten Aceh Besar;2018;Maju;19;Desa;
11;Aceh;11.06;Kabupaten Aceh Besar;2018;Mandiri;2;Desa;
11;Aceh;11.06;Kabupaten Aceh Besar;2018;Sangat Tertinggal;9;Desa;
11;Aceh;11.06;Kabupaten Aceh Besar;2018;Tertinggal;127;Desa;
11;Aceh;11.14;Kabupaten Aceh Jaya;2018;Berkembang;83;Desa;
11;Aceh;11.14;Kabupaten Aceh Jaya;2018;Maju;11;Desa;
11;Aceh;11.14;Kabupaten Aceh Jaya;2018;Mandiri;2;Desa;
11;Aceh;11.14;Kabupaten Aceh Jaya;2018;Sangat Tertinggal;16;Desa;
11;Aceh;11.14;Kabupaten Aceh Jaya;2018;Tertinggal;60;Desa;
11;Aceh;11.01;Kabupaten Aceh Selatan;2018;Berkembang;81;Desa;
11;Aceh;11.01;Kabupaten Aceh Selatan;2018;Maju;7;Desa;
11;Aceh;11.01;Kabupaten Aceh Selatan;2018;Mandiri;0;Desa;
11;Aceh;11.01;Kabupaten Aceh Selatan;2018;Sangat Tertinggal;11;Desa;
11;Aceh;11.01;Kabupaten Aceh Selatan;2018;Tertinggal;159;Desa;
11;Aceh;11.10;Kabupaten Aceh Singkil;2018;Berkembang;19;Desa;
11;Aceh;11.10;Kabupaten Aceh Singkil;2018;Maju;4;Desa;
11;Aceh;11.10;Kabupaten Aceh Singkil;2018;Mandiri;0;Desa;
11;Aceh;11.10;Kabupaten Aceh Singkil;2018;Sangat Tertinggal;23;Desa;
11;Aceh;11.10;Kabupaten Aceh Singkil;2018;Tertinggal;69;Desa;
11;Aceh;11.16;Kabupaten Aceh Tamiang;2018;Berkembang;89;Desa;
11;Aceh;11.16;Kabupaten Aceh Tamiang;2018;Maju;3;Desa;
11;Aceh;11.16;Kabupaten Aceh Tamiang;2018;Mandiri;0;Desa;
11;Aceh;11.16;Kabupaten Aceh Tamiang;2018;Sangat Tertinggal;4;Desa;
11;Aceh;11.16;Kabupaten Aceh Tamiang;2018;Tertinggal;117;Desa;
11;Aceh;11.04;Kabupaten Aceh Tengah;2018;Berkembang;70;Desa;
11;Aceh;11.04;Kabupaten Aceh Tengah;2018;Maju;4;Desa;
11;Aceh;11.04;Kabupaten Aceh Tengah;2018;Mandiri;0;Desa;
11;Aceh;11.04;Kabupaten Aceh Tengah;2018;Sangat Tertinggal;16;Desa;
11;Aceh;11.04;Kabupaten Aceh Tengah;2018;Tertinggal;199;Desa;
11;Aceh;11.02;Kabupaten Aceh Tenggara;2018;Berkembang;153;Desa;
11;Aceh;11.02;Kabupaten Aceh Tenggara;2018;Maju;2;Desa;
11;Aceh;11.02;Kabupaten Aceh Tenggara;2018;Mandiri;0;Desa;
11;Aceh;11.02;Kabupaten Aceh Tenggara;2018;Sangat Tertinggal;15;Desa;
11;Aceh;11.02;Kabupaten Aceh Tenggara;2018;Tertinggal;197;Desa;
11;Aceh;11.03;Kabupaten Aceh Timur;2018;Berkembang;179;Desa;
11;Aceh;11.03;Kabupaten Aceh Timur;2018;Maju;3;Desa;
11;Aceh;11.03;Kabupaten Aceh Timur;2018;Mandiri;0;Desa;
11;Aceh;11.03;Kabupaten Aceh Timur;2018;Sangat Tertinggal;40;Desa;
11;Aceh;11.03;Kabupaten Aceh Timur;2018;Tertinggal;290;Desa;
11;Aceh;11.08;Kabupaten Aceh Utara;2018;Berkembang;66;Desa;
11;Aceh;11.08;Kabupaten Aceh Utara;2018;Maju;2;Desa;
11;Aceh;11.08;Kabupaten Aceh Utara;2018;Mandiri;0;Desa;
11;Aceh;11.08;Kabupaten Aceh Utara;2018;Sangat Tertinggal;153;Desa;
11;Aceh;11.08;Kabupaten Aceh Utara;2018;Tertinggal;611;Desa;
11;Aceh;11.71;Kota Banda Aceh;2018;Berkembang;45;Desa;
11;Aceh;11.71;Kota Banda Aceh;2018;Maju;39;Desa;
11;Aceh;11.71;Kota Banda Aceh;2018;Mandiri;5;Desa;
11;Aceh;11.71;Kota Banda Aceh;2018;Sangat Tertinggal;1;Desa;
11;Aceh;11.71;Kota Banda Aceh;2018;Tertinggal;0;Desa;
11;Aceh;11.17;Kabupaten Bener Meriah;2018;Berkembang;88;Desa;
11;Aceh;11.17;Kabupaten Bener Meriah;2018;Maju;7;Desa;
11;Aceh;11.17;Kabupaten Bener Meriah;2018;Mandiri;0;Desa;
11;Aceh;11.17;Kabupaten Bener Meriah;2018;Sangat Tertinggal;6;Desa;
11;Aceh;11.17;Kabupaten Bener Meriah;2018;Tertinggal;128;Desa;
11;Aceh;11.11;Kabupaten Bireuen;2018;Berkembang;110;Desa;
11;Aceh;11.11;Kabupaten Bireuen;2018;Maju;5;Desa;
11;Aceh;11.11;Kabupaten Bireuen;2018;Mandiri;0;Desa;
11;Aceh;11.11;Kabupaten Bireuen;2018;Sangat Tertinggal;57;Desa;
11;Aceh;11.11;Kabupaten Bireuen;2018;Tertinggal;434;Desa;
11;Aceh;11.13;Kabupaten Gayo Lues;2018;Berkembang;38;Desa;
11;Aceh;11.13;Kabupaten Gayo Lues;2018;Maju;1;Desa;
11;Aceh;11.13;Kabupaten Gayo Lues;2018;Mandiri;1;Desa;
11;Aceh;11.13;Kabupaten Gayo Lues;2018;Sangat Tertinggal;15;Desa;
11;Aceh;11.13;Kabupaten Gayo Lues;2018;Tertinggal;78;Desa;
11;Aceh;11.74;Kota Langsa;2018;Berkembang;57;Desa;
11;Aceh;11.74;Kota Langsa;2018;Maju;4;Desa;
11;Aceh;11.74;Kota Langsa;2018;Mandiri;0;Desa;
11;Aceh;11.74;Kota Langsa;2018;Sangat Tertinggal;0;Desa;
11;Aceh;11.74;Kota Langsa;2018;Tertinggal;5;Desa;
11;Aceh;11.73;Kota Lhokseumawe;2018;Berkembang;54;Desa;
11;Aceh;11.73;Kota Lhokseumawe;2018;Maju;6;Desa;
11;Aceh;11.73;Kota Lhokseumawe;2018;Mandiri;3;Desa;
11;Aceh;11.73;Kota Lhokseumawe;2018;Sangat Tertinggal;0;Desa;
11;Aceh;11.73;Kota Lhokseumawe;2018;Tertinggal;5;Desa;
11;Aceh;11.72;Kota Sabang;2018;Berkembang;7;Desa;
11;Aceh;11.72;Kota Sabang;2018;Maju;11;Desa;
11;Aceh;11.72;Kota Sabang;2018;Mandiri;0;Desa;
11;Aceh;11.72;Kota Sabang;2018;Sangat Tertinggal;0;Desa;
11;Aceh;11.72;Kota Sabang;2018;Tertinggal;0;Desa;
11;Aceh;11.15;Kabupaten Nagan Raya;2018;Berkembang;49;Desa;
11;Aceh;11.15;Kabupaten Nagan Raya;2018;Maju;7;Desa;
11;Aceh;11.15;Kabupaten Nagan Raya;2018;Mandiri;0;Desa;
11;Aceh;11.15;Kabupaten Nagan Raya;2018;Sangat Tertinggal;21;Desa;
11;Aceh;11.15;Kabupaten Nagan Raya;2018;Tertinggal;145;Desa;
11;Aceh;11.07;Kabupaten Pidie;2018;Berkembang;118;Desa;
11;Aceh;11.07;Kabupaten Pidie;2018;Maju;1;Desa;
11;Aceh;11.07;Kabupaten Pidie;2018;Mandiri;0;Desa;
11;Aceh;11.07;Kabupaten Pidie;2018;Sangat Tertinggal;46;Desa;
11;Aceh;11.07;Kabupaten Pidie;2018;Tertinggal;564;Desa;
11;Aceh;11.18;Kabupaten Pidie Jaya;2018;Berkembang;91;Desa;
11;Aceh;11.18;Kabupaten Pidie Jaya;2018;Maju;3;Desa;
11;Aceh;11.18;Kabupaten Pidie Jaya;2018;Mandiri;0;Desa;
11;Aceh;11.18;Kabupaten Pidie Jaya;2018;Sangat Tertinggal;5;Desa;
11;Aceh;11.18;Kabupaten Pidie Jaya;2018;Tertinggal;123;Desa;
11;Aceh;11.09;Kabupaten Simeulue;2018;Berkembang;81;Desa;
11;Aceh;11.09;Kabupaten Simeulue;2018;Maju;4;Desa;
11;Aceh;11.09;Kabupaten Simeulue;2018;Mandiri;0;Desa;
11;Aceh;11.09;Kabupaten Simeulue;2018;Sangat Tertinggal;1;Desa;
11;Aceh;11.09;Kabupaten Simeulue;2018;Tertinggal;52;Desa;
11;Aceh;11.75;Kota Subulussalam;2018;Berkembang;20;Desa;
11;Aceh;11.75;Kota Subulussalam;2018;Maju;1;Desa;
11;Aceh;11.75;Kota Subulussalam;2018;Mandiri;0;Desa;
11;Aceh;11.75;Kota Subulussalam;2018;Sangat Tertinggal;5;Desa;
11;Aceh;11.75;Kota Subulussalam;2018;Tertinggal;56;Desa;